class,counts,accuracy
0.0,58,0.46551724137931033
1.0,489,0.7280163599182005
2.0,770,0.7116883116883117
3.0,1508,0.8673740053050398
4.0,265,0.2679245283018868
