class,counts,accuracy
Access,136,0.49264705882352944
Care received,1110,0.6441441441441441
Communication,288,0.6006944444444444
Couldn't be improved,552,0.8931159420289855
Dignity,47,0.3191489361702128
Environment/ facilities,165,0.7151515151515152
Miscellaneous,115,0.5391304347826087
Staff,939,0.7859424920127795
Transition/coordination,48,0.22916666666666666
