class,counts,accuracy
Access,112,0.38392857142857145
Care received,1006,0.6570576540755467
Communication,235,0.6212765957446809
Couldn't be improved,537,0.9217877094972067
Dignity,37,0.35135135135135137
Environment/ facilities,154,0.6818181818181818
Miscellaneous,1949,0.9584402257567983
Staff,840,0.819047619047619
Transition/coordination,42,0.38095238095238093
