class,counts,accuracy
Access,136,0.47058823529411764
Care received,1110,0.6477477477477478
Communication,288,0.5590277777777778
Couldn't be improved,562,0.9234875444839857
Dignity,47,0.3191489361702128
Environment/ facilities,165,0.5878787878787879
Miscellaneous,116,0.5172413793103449
Staff,939,0.838125665601704
Transition/coordination,48,0.16666666666666666
