class,counts,accuracy
Access,136,0.6838235294117647
Care received,1110,0.5666666666666667
Communication,288,0.6701388888888888
Couldn't be improved,552,0.8876811594202898
Dignity,47,0.23404255319148937
Environment/ facilities,165,0.7333333333333333
Miscellaneous,115,0.591304347826087
Staff,939,0.739084132055378
Transition/coordination,48,0.4166666666666667
