class,counts,accuracy
Access,98,0.3877551020408163
Care received,963,0.6365524402907581
Communication,211,0.2985781990521327
Dignity,34,0.5882352941176471
Environment/facilities,146,0.5342465753424658
Miscellaneous,624,0.8894230769230769
Staff,797,0.7289836888331243
Transition/coordination,36,0.7222222222222222
