class,counts,accuracy
-1,76,0.11842105263157894
-2,202,0.39603960396039606
-3,260,0.45
-4,64,0.25
0,847,0.6741440377804014
1,92,0.4891304347826087
2,348,0.45689655172413796
3,1208,0.6473509933774835
4,291,0.49140893470790376
