class,counts,accuracy
-1,76,0.19736842105263158
-2,202,0.38613861386138615
-3,260,0.4346153846153846
-4,64,0.515625
0,847,0.755608028335301
1,93,0.44086021505376344
2,348,0.4224137931034483
3,1218,0.6568144499178982
4,291,0.5292096219931272
