class,counts,accuracy
Access,98,0.1836734693877551
Care received,963,0.7933541017653167
Communication,211,0.5497630331753555
Dignity,34,0.17647058823529413
Environment/facilities,146,0.5547945205479452
Miscellaneous,624,0.9086538461538461
Staff,797,0.7816813048933501
Transition/coordination,36,0.3333333333333333
