class,counts,accuracy
-1,76,0.14473684210526316
-2,202,0.40594059405940597
-3,260,0.38076923076923075
-4,64,0.28125
0,847,0.7036599763872491
1,92,0.09782608695652174
2,348,0.28448275862068967
3,1208,0.7135761589403974
4,291,0.3951890034364261
