class,counts,accuracy
Access,98,0.12244897959183673
Care received,963,0.7777777777777778
Communication,211,0.5071090047393365
Dignity,34,0.029411764705882353
Environment/facilities,146,0.4041095890410959
Miscellaneous,624,0.9134615384615384
Staff,797,0.7728983688833124
Transition/coordination,36,0.08333333333333333
